,region,sigma
0,Addis Ababa,0.045941072
18,Somali,0.22891210899999997
1,Amhara,0.14365504
2,Benishangul Gumz,0.7890546209999999
16,Oromia,0.44854127200000005
17,SNNP,0.975340202
19,Tigray,0.740444428
3,Dire Dawa,0.030969725
15,Harari,0.06329225
